{
  "current": {
    "social_twitter_link": "#",
    "social_facebook_link": "#",
    "social_tiktok_link": "#",
    "social_pinterest_link": "#",
    "social_instagram_link": "#",
    "social_snapchat_link": "",
    "enable_ajax": false,
    "sections": {
      "header": {
        "type": "header",
        "settings": {
          "ann_text": "<p>FREE SHIPPING ON ORDERS $200+<\/p>",
          "logo": "shopify:\/\/shop_images\/logo.png",
          "left_linklist": "left-menu",
          "bottom_linklist": "bottom-menu"
        }
      },
      "feature-row": {
        "type": "feature-row",
        "disabled": true,
        "settings": {
          "layout": "left",
          "title": "Image with text",
          "text": "<p>Pair large text with an image to give focus to your chosen product, collection, or blog post. Add details on availability, style, or even provide a review.<\/p>",
          "button_label": "",
          "button_link": ""
        }
      },
      "feature-columns": {
        "type": "feature-columns",
        "disabled": true,
        "blocks": {
          "feature-columns-0": {
            "type": "text_block",
            "settings": {
              "enable_image": true,
              "title": "Add a title or tagline",
              "text": "<p>Share blog posts, products, or promotions with your customers. Use this text to describe products, share details on availability and style, or as a space to display recent reviews or FAQs.<\/p>",
              "button_label": "",
              "button_link": ""
            }
          },
          "feature-columns-1": {
            "type": "text_block",
            "settings": {
              "enable_image": true,
              "title": "Add a title or tagline",
              "text": "<p>Share blog posts, products, or promotions with your customers. Use this text to describe products, share details on availability and style, or as a space to display recent reviews or FAQs.<\/p>",
              "button_label": "",
              "button_link": ""
            }
          },
          "feature-columns-2": {
            "type": "text_block",
            "settings": {
              "enable_image": true,
              "title": "Add a title or tagline",
              "text": "<p>Share blog posts, products, or promotions with your customers. Use this text to describe products, share details on availability and style, or as a space to display recent reviews or FAQs.<\/p>",
              "button_label": "",
              "button_link": ""
            }
          }
        },
        "block_order": [
          "feature-columns-0",
          "feature-columns-1",
          "feature-columns-2"
        ],
        "settings": {
          "title": "",
          "align_text": "left"
        }
      },
      "collection": {
        "type": "collection",
        "disabled": true,
        "settings": {
          "title": "Featured collection",
          "collection": "",
          "grid": 4,
          "rows": 2,
          "show_vendor": false,
          "show_view_all": false
        }
      },
      "quotes": {
        "type": "quotes",
        "disabled": true,
        "blocks": {
          "quotes-0": {
            "type": "quote",
            "settings": {
              "quote": "<p>Add customer reviews and testimonials to showcase your store’s happy customers.<\/p>",
              "author": "Author's name"
            }
          },
          "quotes-1": {
            "type": "quote",
            "settings": {
              "quote": "<p>Add customer reviews and testimonials to showcase your store’s happy customers.<\/p>",
              "author": "Author's name"
            }
          },
          "quotes-2": {
            "type": "quote",
            "settings": {
              "quote": "<p>Add customer reviews and testimonials to showcase your store’s happy customers.<\/p>",
              "author": "Author's name"
            }
          }
        },
        "block_order": [
          "quotes-0",
          "quotes-1",
          "quotes-2"
        ],
        "settings": {
          "title": ""
        }
      },
      "image-bar": {
        "type": "image-bar",
        "disabled": true,
        "blocks": {
          "image-bar-0": {
            "type": "image",
            "settings": {
              "alignment": "center",
              "link": "",
              "cta_label": ""
            }
          },
          "image-bar-1": {
            "type": "image",
            "settings": {
              "alignment": "center",
              "link": "",
              "cta_label": ""
            }
          },
          "image-bar-2": {
            "type": "image",
            "settings": {
              "alignment": "center",
              "link": "",
              "cta_label": ""
            }
          }
        },
        "block_order": [
          "image-bar-0",
          "image-bar-1",
          "image-bar-2"
        ],
        "settings": {
          "section_height": "medium"
        }
      },
      "footer": {
        "type": "footer",
        "settings": {
          "left_image": "shopify:\/\/shop_images\/touch_1.jpg",
          "logo": "shopify:\/\/shop_images\/footer-logo_1.png",
          "newsletter_title": "Get in touch",
          "footer_menu": "footer-1",
          "copy_text": "Copyright Den XYZ All rights reserved. New York, New York USA."
        }
      },
      "1628763958f500ab44": {
        "type": "homepage_banner",
        "blocks": {
          "78d0532e-c7a4-431b-adb9-46e9f0882f02": {
            "type": "banner",
            "settings": {
              "image": "shopify:\/\/shop_images\/banner-slider.jpg",
              "title": "Lorem ipsum dolor sit amet Elit Sed Do.",
              "description": "<p>Indulge in the Aspirational Splurge on the Irresistible Binge on the Unattainable <\/p>"
            }
          },
          "253a211e-7972-43fa-92cb-97af208c4eb3": {
            "type": "banner",
            "settings": {
              "image": "shopify:\/\/shop_images\/banner-slider1.jpg",
              "title": "Lorem ipsum dolor sit amet Elit Sed Do.",
              "description": "<p>Lorem ipsum dolor sit amet elit sed do.<\/p>"
            }
          },
          "4a540ee7-49f4-493f-9c27-06a4fbbb1199": {
            "type": "banner",
            "settings": {
              "image": "shopify:\/\/shop_images\/banner-slider.jpg",
              "title": "Lorem ipsum dolor sit amet Elit Sed Do.",
              "description": "<p>Lorem ipsum dolor sit amet elit sed do.<\/p>"
            }
          },
          "2a8b9775-04c3-419d-9b0d-d4913fa8c100": {
            "type": "banner",
            "settings": {
              "image": "shopify:\/\/shop_images\/banner-slider1.jpg",
              "title": "Lorem ipsum dolor sit amet Elit Sed Do.",
              "description": "<p>Lorem ipsum dolor sit amet elit sed do.<\/p>"
            }
          }
        },
        "block_order": [
          "78d0532e-c7a4-431b-adb9-46e9f0882f02",
          "253a211e-7972-43fa-92cb-97af208c4eb3",
          "4a540ee7-49f4-493f-9c27-06a4fbbb1199",
          "2a8b9775-04c3-419d-9b0d-d4913fa8c100"
        ],
        "settings": {}
      },
      "162876537533f0295f": {
        "type": "who-we-are",
        "settings": {
          "image": "shopify:\/\/shop_images\/star.png",
          "title": "Den XYZ helps you create the den\/space your frenemies will envy.",
          "description": "<p>Impress your friends with your new style and the stories behind each distinct item—don’t worry, a little jealousy is healthy.<\/p>"
        }
      },
      "1628766909006c06c0": {
        "type": "ask_slider",
        "blocks": {
          "8678544f-31c1-45a5-8643-aa401bdc6884": {
            "type": "slider",
            "settings": {
              "image": "shopify:\/\/shop_images\/touch.jpg",
              "title": "Asking For A  friend",
              "subtext": "Dan Alva, 2021 (Edition of 25)"
            }
          },
          "d68c50e1-f9f8-4c63-871f-ca850752cc97": {
            "type": "slider",
            "settings": {
              "image": "shopify:\/\/shop_images\/ask-slide2.jpg",
              "title": "Asking For A  friend",
              "subtext": "Dan Alva, 2021 (Edition of 25)"
            }
          },
          "b6684bc4-de69-462a-a13d-5963a3a181f1": {
            "type": "slider",
            "settings": {
              "image": "shopify:\/\/shop_images\/ask-slide1.jpg",
              "title": "Asking For A  friend",
              "subtext": "Dan Alva, 2021 (Edition of 25)"
            }
          },
          "993f453d-6117-4251-ba63-c73e4b44e72c": {
            "type": "slider",
            "settings": {
              "image": "shopify:\/\/shop_images\/touch.jpg",
              "title": "Asking For A  friend",
              "subtext": "Dan Alva, 2021 (Edition of 25)"
            }
          },
          "111aa777-4d27-4bcc-b84f-829ea82c2007": {
            "type": "slider",
            "settings": {
              "image": "shopify:\/\/shop_images\/ask-slide2.jpg",
              "title": "Asking For A  friend",
              "subtext": "Dan Alva, 2021 (Edition of 25)"
            }
          },
          "e322fdb2-abbf-4d96-a19b-fcfb4828ab7e": {
            "type": "slider",
            "settings": {
              "image": "shopify:\/\/shop_images\/ask-slide1.jpg",
              "title": "Asking For A  friend",
              "subtext": "Dan Alva, 2021 (Edition of 25)"
            }
          }
        },
        "block_order": [
          "8678544f-31c1-45a5-8643-aa401bdc6884",
          "d68c50e1-f9f8-4c63-871f-ca850752cc97",
          "b6684bc4-de69-462a-a13d-5963a3a181f1",
          "993f453d-6117-4251-ba63-c73e4b44e72c",
          "111aa777-4d27-4bcc-b84f-829ea82c2007",
          "e322fdb2-abbf-4d96-a19b-fcfb4828ab7e"
        ],
        "settings": {}
      },
      "1628849523ab968ae9": {
        "type": "decorate-section",
        "settings": {
          "image": "shopify:\/\/shop_images\/star-1.png",
          "title": "Home décor is an art that takes years to master.",
          "description1": "<p>Creating a unique, stylish, and socially responsible living space isn’t easy. Which is why we’re doing it for you. We offer a unique merchandise mix of carefully curated home décor items. Think: barware, pillows, tableware, and one-of-a-kind artwork.<\/p>",
          "description2": "<p>And the best part? You won’t have to sacrifice your values to get that living space you’ve always dreamed of—our pieces support artists and small businesses around the world, and we always prioritize ethical sourcing and sustainability.<\/p>"
        }
      },
      "1629295185765ddd10": {
        "type": "homepage_collection",
        "blocks": {
          "cbf5f17d-fb3f-4d90-ab33-f17bcd900061": {
            "type": "collection",
            "settings": {
              "collection": "build-your-own-bundle"
            }
          },
          "da8020dc-e788-4026-ac03-f1863c065746": {
            "type": "collection",
            "settings": {
              "collection": "art"
            }
          },
          "5de3cfe2-7bed-4d47-b47a-244c0991dfb2": {
            "type": "collection",
            "settings": {
              "collection": "pillow"
            }
          }
        },
        "block_order": [
          "cbf5f17d-fb3f-4d90-ab33-f17bcd900061",
          "da8020dc-e788-4026-ac03-f1863c065746",
          "5de3cfe2-7bed-4d47-b47a-244c0991dfb2"
        ],
        "settings": {}
      },
      "product-template": {
        "type": "product-template",
        "settings": {
          "show_quantity_selector": true,
          "show_vendor": true,
          "enable_payment_button": true,
          "show_share_buttons": true,
          "media_size": "medium",
          "enable_image_zoom": true,
          "enable_video_looping": false
        }
      },
      "product-recommendations": {
        "type": "product-recommendations",
        "settings": {
          "show_product_recommendations": true,
          "heading": "Complete the look",
          "show_vendor": false
        }
      },
      "collection-template": {
        "type": "collection-template",
        "settings": {
          "layout": "grid",
          "grid": 4,
          "rows": 2,
          "show_collection_image": true,
          "show_vendor": false,
          "sort_enable": false,
          "tags_enable": false
        }
      },
      "faq-template": {
        "type": "faq-template",
        "blocks": {
          "570a6492-37ec-4cb6-9a29-52841eceaf08": {
            "type": "faqs",
            "settings": {
              "question": "QUESTION LOREM IPSUM?",
              "answer": "<p>Lorem ipsum dolor sit amet elit do. Consectetur adipisicing elit, sed do eiusmod tempor incididunt ut labore et dolore magna aliqua. Ut enim ad minim veniam, quis nostrud exercitation ullamco laboris nisi ut aliquip ex ea commodo consequat. Duis aute irure dolor in reprehenderit in voluptate velit esse cillum dolore eu fugiat nulla pariatur. Excepteur sint occaecat cupidatat non proident, sunt in culpa qui officia deserunt mollit anim id est laborum.<\/p>"
            }
          },
          "5c9d0ed1-c08f-4c20-b399-62e3347c8a11": {
            "type": "faqs",
            "settings": {
              "question": "QUESTION LOREM IPSUM?",
              "answer": "<p>Lorem ipsum dolor sit amet elit do. Consectetur adipisicing elit, sed do eiusmod tempor incididunt ut labore et dolore magna aliqua. Ut enim ad minim veniam, quis nostrud exercitation ullamco laboris nisi ut aliquip ex ea commodo consequat. Duis aute irure dolor in reprehenderit in voluptate velit esse cillum dolore eu fugiat nulla pariatur. Excepteur sint occaecat cupidatat non proident, sunt in culpa qui officia deserunt mollit anim id est laborum.<\/p>"
            }
          },
          "605950b6-93b4-4ebb-90e4-ecaf8ea13cf8": {
            "type": "faqs",
            "settings": {
              "question": "QUESTION LOREM IPSUM?",
              "answer": "<p>Lorem ipsum dolor sit amet elit do. Consectetur adipisicing elit, sed do eiusmod tempor incididunt ut labore et dolore magna aliqua. Ut enim ad minim veniam, quis nostrud exercitation ullamco laboris nisi ut aliquip ex ea commodo consequat. Duis aute irure dolor in reprehenderit in voluptate velit esse cillum dolore eu fugiat nulla pariatur. Excepteur sint occaecat cupidatat non proident, sunt in culpa qui officia deserunt mollit anim id est laborum.<\/p>"
            }
          },
          "7b4c5800-f384-4e26-b325-f7bf9aa92e37": {
            "type": "faqs",
            "settings": {
              "question": "QUESTION LOREM IPSUM?",
              "answer": "<p>Lorem ipsum dolor sit amet elit do. Consectetur adipisicing elit, sed do eiusmod tempor incididunt ut labore et dolore magna aliqua. Ut enim ad minim veniam, quis nostrud exercitation ullamco laboris nisi ut aliquip ex ea commodo consequat. Duis aute irure dolor in reprehenderit in voluptate velit esse cillum dolore eu fugiat nulla pariatur. Excepteur sint occaecat cupidatat non proident, sunt in culpa qui officia deserunt mollit anim id est laborum.<\/p>"
            }
          },
          "b8a3a6d5-2b75-41bf-b5d8-e0d58dffd5fb": {
            "type": "faqs",
            "settings": {
              "question": "QUESTION LOREM IPSUM?",
              "answer": "<p>Lorem ipsum dolor sit amet elit do. Consectetur adipisicing elit, sed do eiusmod tempor incididunt ut labore et dolore magna aliqua. Ut enim ad minim veniam, quis nostrud exercitation ullamco laboris nisi ut aliquip ex ea commodo consequat. Duis aute irure dolor in reprehenderit in voluptate velit esse cillum dolore eu fugiat nulla pariatur. Excepteur sint occaecat cupidatat non proident, sunt in culpa qui officia deserunt mollit anim id est laborum.<\/p>"
            }
          },
          "c8322065-532a-40a6-9200-4453101e251f": {
            "type": "faqs",
            "settings": {
              "question": "QUESTION LOREM IPSUM?",
              "answer": "<p>Lorem ipsum dolor sit amet elit do. Consectetur adipisicing elit, sed do eiusmod tempor incididunt ut labore et dolore magna aliqua. Ut enim ad minim veniam, quis nostrud exercitation ullamco laboris nisi ut aliquip ex ea commodo consequat. Duis aute irure dolor in reprehenderit in voluptate velit esse cillum dolore eu fugiat nulla pariatur. Excepteur sint occaecat cupidatat non proident, sunt in culpa qui officia deserunt mollit anim id est laborum.<\/p>"
            }
          }
        },
        "block_order": [
          "570a6492-37ec-4cb6-9a29-52841eceaf08",
          "5c9d0ed1-c08f-4c20-b399-62e3347c8a11",
          "605950b6-93b4-4ebb-90e4-ecaf8ea13cf8",
          "7b4c5800-f384-4e26-b325-f7bf9aa92e37",
          "b8a3a6d5-2b75-41bf-b5d8-e0d58dffd5fb",
          "c8322065-532a-40a6-9200-4453101e251f"
        ],
        "settings": {
          "text": "Faq's"
        }
      },
      "second-footer": {
        "type": "second-footer",
        "settings": {}
      },
      "about-banner": {
        "type": "about-banner",
        "settings": {
          "image": "shopify:\/\/shop_images\/banner-slider.jpg"
        }
      },
      "about-backstory": {
        "type": "about-backstory",
        "blocks": {
          "934b1e3a-32d4-48e2-bcab-651c920a76c7": {
            "type": "image",
            "settings": {
              "image": "shopify:\/\/shop_images\/banner-slider.jpg"
            }
          },
          "565cdfad-e462-49f4-972d-b67a36d30f9e": {
            "type": "image",
            "settings": {
              "image": "shopify:\/\/shop_images\/banner-slider.jpg"
            }
          },
          "1c546d7b-2564-49c2-841f-4151e43560e7": {
            "type": "image",
            "settings": {
              "image": "shopify:\/\/shop_images\/banner-slider.jpg"
            }
          }
        },
        "block_order": [
          "934b1e3a-32d4-48e2-bcab-651c920a76c7",
          "565cdfad-e462-49f4-972d-b67a36d30f9e",
          "1c546d7b-2564-49c2-841f-4151e43560e7"
        ],
        "settings": {
          "heading": "THE BACKSTORY",
          "description": "<p>Lorem ipsum dolor sit amet, consectetur adipisicing elit, sed do eiusmod tempor incididunt ut labore et dolore magna aliqua. Ut enim ad minim veniam, quis nostrud exercitation ullamco laboris nisi ut aliquip ex ea commodo consequat.<\/p>"
        }
      },
      "about-mission": {
        "type": "about-mission",
        "blocks": {
          "a613e7aa-f5ee-4edf-aa15-fda6bd36b763": {
            "type": "text_image",
            "settings": {
              "image": "shopify:\/\/shop_images\/banner-slider.jpg",
              "heading": "THE MISSION",
              "sub_heading": "Green is our favorite color",
              "description": "<p>Lorem ipsum dolor sit amet, consectetur adipisicing elit, sed do eiusmod tempor incididunt ut labore et dolore magna aliqua. Ut enim ad minim veniam, quis nostrud exercitation ullamco laboris nisi ut aliquip ex ea commodo consequat. Duis aute irure dolor in reprehenderit in voluptate velit esse cillum dolore eu fugiat nulla pariatur.<\/p>",
              "image_alignment": "image_left"
            }
          },
          "a81b6345-baa3-47a5-88b7-7b0594677128": {
            "type": "text_image",
            "settings": {
              "image": "shopify:\/\/shop_images\/banner-slider.jpg",
              "heading": "",
              "sub_heading": "",
              "description": "<p>Lorem ipsum dolor sit amet, consectetur adipisicing elit, sed do eiusmod tempor incididunt ut labore et dolore magna aliqua. Ut enim ad minim veniam, quis nostrud exercitation ullamco laboris nisi ut aliquip ex ea commodo consequat. Duis aute irure dolor in reprehenderit in voluptate velit esse cillum dolore eu fugiat nulla pariatur.<\/p>",
              "image_alignment": "image_right"
            }
          }
        },
        "block_order": [
          "a613e7aa-f5ee-4edf-aa15-fda6bd36b763",
          "a81b6345-baa3-47a5-88b7-7b0594677128"
        ],
        "settings": {}
      },
      "about-squad": {
        "type": "about-squad",
        "blocks": {
          "35bf417f-cac5-4ab3-a417-d8a7767a16df": {
            "type": "info",
            "settings": {
              "image": "shopify:\/\/shop_images\/banner-slider.jpg",
              "name": "NAME LASTNAME",
              "position": "Position",
              "text": "<p>Lorem ipsum dolor sit amet, consectetur adipisicing elit, sed do eiusmod tempor incididunt ut labore et dolore magna aliqua. Ut enim ad minim veniam, quis nostrud exercitation ullamco laboris nisi ut aliquip ex ea commodo consequat. Duis aute irure dolor in reprehenderit in voluptate velit esse cillum dolore eu fugiat nulla pariatur.<\/p>"
            }
          },
          "55808195-6ea9-452b-bce0-e8f500c8431d": {
            "type": "info",
            "settings": {
              "image": "shopify:\/\/shop_images\/banner-slider.jpg",
              "name": "NAME LASTNAME",
              "position": "Position",
              "text": "<p>Lorem ipsum dolor sit amet, consectetur adipisicing elit, sed do eiusmod tempor incididunt ut labore et dolore magna aliqua. Ut enim ad minim veniam, quis nostrud exercitation ullamco laboris nisi ut aliquip ex ea commodo consequat. Duis aute irure dolor in reprehenderit in voluptate velit esse cillum dolore eu fugiat nulla pariatur.<\/p>"
            }
          },
          "b571e429-dd6a-4941-8be0-07dd862f24f6": {
            "type": "info",
            "settings": {
              "image": "shopify:\/\/shop_images\/banner-slider.jpg",
              "name": "NAME LASTNAME",
              "position": "Position",
              "text": "<p>Lorem ipsum dolor sit amet, consectetur adipisicing elit, sed do eiusmod tempor incididunt ut labore et dolore magna aliqua. Ut enim ad minim veniam, quis nostrud exercitation ullamco laboris nisi ut aliquip ex ea commodo consequat. Duis aute irure dolor in reprehenderit in voluptate velit esse cillum dolore eu fugiat nulla pariatur.<\/p>"
            }
          }
        },
        "block_order": [
          "35bf417f-cac5-4ab3-a417-d8a7767a16df",
          "55808195-6ea9-452b-bce0-e8f500c8431d",
          "b571e429-dd6a-4941-8be0-07dd862f24f6"
        ],
        "settings": {
          "heading": "The Squad",
          "description": "<p>Lorem ipsum dolor sit amet, consectetur adipisicing elit, sed do eiusmod tempor incididunt ut labore et dolore magna aliqua. Ut enim ad minim veniam, quis nostrud exercitation ullamco laboris nisi ut aliquip ex ea commodo consequat.<\/p>"
        }
      },
      "blog_category": {
        "type": "blog_category",
        "settings": {
          "image": "shopify:\/\/shop_images\/extra.png",
          "blog": "extra-extra"
        }
      },
      "blog_custom_template": {
        "type": "blog_custom_template",
        "blocks": {
          "683bcd90-b1cb-47f8-9768-9d66a3e3aec4": {
            "type": "category",
            "settings": {
              "article": "extra-extra\/extra-extra"
            }
          },
          "cfacb27f-fc48-4af1-b4d3-54e552421fa1": {
            "type": "category",
            "settings": {
              "article": "news\/what-is-lorem-ipsum-1"
            }
          },
          "f81cd485-7428-4392-a5ba-48bd6f740f7d": {
            "type": "category",
            "settings": {
              "article": "news\/lorem-ipsum"
            }
          },
          "5c698308-1da9-425b-afce-940d7984db48": {
            "type": "category",
            "settings": {
              "article": "news\/why-do-we-use-it"
            }
          },
          "e8bb5a23-6603-450a-9e1d-b0b68493fb6e": {
            "type": "category",
            "settings": {
              "article": "news\/what-is-lorem-ipsum"
            }
          },
          "ada53064-6350-41df-8b2f-14394e508680": {
            "type": "category",
            "settings": {
              "article": "extra-extra\/why-do-we-use-it-extra-extra"
            }
          }
        },
        "block_order": [
          "683bcd90-b1cb-47f8-9768-9d66a3e3aec4",
          "cfacb27f-fc48-4af1-b4d3-54e552421fa1",
          "f81cd485-7428-4392-a5ba-48bd6f740f7d",
          "5c698308-1da9-425b-afce-940d7984db48",
          "e8bb5a23-6603-450a-9e1d-b0b68493fb6e",
          "ada53064-6350-41df-8b2f-14394e508680"
        ],
        "settings": {
          "pagination": 3,
          "btn_txt": "View Post",
          "search_title": "Search",
          "category_title": "Category"
        }
      },
      "subscribe": {
        "type": "subscribe",
        "settings": {
          "image": "shopify:\/\/shop_images\/subscribe-bg.png",
          "icon_image": "shopify:\/\/shop_images\/subscribe.png",
          "title": "Subscribe",
          "description": "<p>Lorem ipsum dolor sit amet elit do. Consectetur adipisicing elit, sed do eiusmod tempor incididunt ut labore et dolore magna aliqua. <\/p>",
          "newsletter_title": "Lorem Ipsum"
        }
      }
    },
    "content_for_index": [
      "1628763958f500ab44",
      "162876537533f0295f",
      "1628766909006c06c0",
      "1628849523ab968ae9",
      "1629295185765ddd10"
    ]
  },
  "presets": {
    "Default": {
      "sections": {
        "header": {
          "type": "header",
          "settings": {}
        },
        "hero-1": {
          "type": "hero",
          "settings": {
            "hero_size": "large",
            "text_size": "large"
          }
        },
        "feature-row": {
          "type": "feature-row",
          "settings": {}
        },
        "feature-columns": {
          "type": "feature-columns",
          "blocks": {
            "feature-columns-0": {
              "type": "text_block",
              "settings": {}
            },
            "feature-columns-1": {
              "type": "text_block",
              "settings": {}
            },
            "feature-columns-2": {
              "type": "text_block",
              "settings": {}
            }
          },
          "block_order": [
            "feature-columns-0",
            "feature-columns-1",
            "feature-columns-2"
          ],
          "settings": {
            "title": ""
          }
        },
        "collection": {
          "type": "collection",
          "settings": {
            "grid": 4
          }
        },
        "hero-2": {
          "type": "hero",
          "settings": {
            "text_size": "large"
          }
        },
        "quotes": {
          "type": "quotes",
          "blocks": {
            "quotes-0": {
              "type": "quote",
              "settings": {}
            },
            "quotes-1": {
              "type": "quote",
              "settings": {}
            },
            "quotes-2": {
              "type": "quote",
              "settings": {}
            }
          },
          "block_order": [
            "quotes-0",
            "quotes-1",
            "quotes-2"
          ],
          "settings": {
            "title": ""
          }
        },
        "image-bar": {
          "type": "image-bar",
          "blocks": {
            "image-bar-0": {
              "type": "image",
              "settings": {}
            },
            "image-bar-1": {
              "type": "image",
              "settings": {}
            },
            "image-bar-2": {
              "type": "image",
              "settings": {}
            }
          },
          "block_order": [
            "image-bar-0",
            "image-bar-1",
            "image-bar-2"
          ],
          "settings": {}
        },
        "footer": {
          "type": "footer",
          "blocks": {
            "footer-0": {
              "type": "link_list",
              "settings": {}
            },
            "footer-1": {
              "type": "newsletter",
              "settings": {}
            }
          },
          "block_order": [
            "footer-0",
            "footer-1"
          ],
          "settings": {
            "show_payment_icons": true
          }
        }
      },
      "content_for_index": [
        "hero-1",
        "feature-row",
        "feature-columns",
        "collection",
        "hero-2",
        "quotes",
        "image-bar"
      ]
    },
    "Light": {
      "color_text": "#162950",
      "color_body_text": "#6d6d6d",
      "color_sale_text": "#DA2F0C",
      "color_borders": "#e4e4e4",
      "color_button": "#DA2F0C",
      "color_button_text": "#ffffff",
      "color_small_button_text_border": "#162950",
      "color_text_field": "#ffffff",
      "color_text_field_text": "#162950",
      "color_text_field_border": "#909090",
      "color_image_overlay_text": "#ffffff",
      "color_image_overlay": "#3d3d3d",
      "image_overlay_opacity": 40,
      "color_body_bg": "#f8f8f8",
      "type_header_font": "muli_n6",
      "type_header_base_size": 26,
      "type_base_font": "muli_n4",
      "type_base_size": 18,
      "share_facebook": true,
      "share_twitter": true,
      "share_pinterest": true,
      "social_twitter_link": "",
      "social_facebook_link": "",
      "social_pinterest_link": "",
      "social_instagram_link": "",
      "social_tumblr_link": "",
      "social_snapchat_link": "",
      "social_youtube_link": "",
      "social_vimeo_link": "",
      "favicon": "",
      "checkout_header_image": "",
      "checkout_logo_image": "",
      "checkout_logo_position": "left",
      "checkout_logo_size": "small",
      "checkout_body_background_image": "",
      "checkout_body_background_color": "#ffffff",
      "checkout_input_background_color_mode": "white",
      "checkout_sidebar_background_image": "",
      "checkout_sidebar_background_color": "#e8f3f6",
      "checkout_heading_font": "Roboto",
      "checkout_body_font": "Source Sans Pro",
      "checkout_accent_color": "#1990c6",
      "checkout_button_color": "#23314e",
      "checkout_error_color": "#ff6d6d",
      "sections": {
        "header": {
          "type": "header",
          "settings": {
            "align_logo": "left",
            "logo": "",
            "logo_max_width": 135,
            "main_linklist": "main-menu",
            "message": true,
            "color_bg": "#162950",
            "color_text": "#ffffff"
          }
        },
        "hero": {
          "type": "hero",
          "settings": {
            "alignment": "center",
            "hero_size": "x-large",
            "text_size": "large"
          }
        },
        "slideshow": {
          "type": "slideshow",
          "blocks": {
            "slideshow-0": {
              "type": "image",
              "settings": {
                "image": "",
                "alignment": "center center"
              }
            },
            "1492095993817": {
              "type": "image",
              "settings": {
                "image": "",
                "alignment": "center"
              }
            }
          },
          "block_order": [
            "slideshow-0",
            "1492095993817"
          ],
          "settings": {
            "slideshow_height": "medium",
            "text_size": "medium",
            "autorotate": false,
            "autorotate_speed": 5
          }
        },
        "featured-collections": {
          "type": "collection",
          "settings": {
            "grid": 3,
            "rows": 1,
            "show_vendor": true,
            "show_view_all": true
          }
        },
        "product-template": {
          "type": "product-template",
          "settings": {
            "show_quantity_selector": false,
            "show_vendor": false,
            "show_share_buttons": true,
            "media_size": "medium",
            "enable_image_zoom": true,
            "enable_video_looping": false
          }
        },
        "collection-template": {
          "type": "collection-template",
          "settings": {
            "layout": "grid",
            "grid": 2,
            "rows": 2,
            "show_collection_image": true,
            "show_vendor": false,
            "sort_enable": true,
            "tags_enable": true
          }
        },
        "1492033809691": {
          "type": "map",
          "settings": {}
        },
        "1492033877875": {
          "type": "quotes",
          "blocks": {
            "1492033877875-0": {
              "type": "quote",
              "settings": {}
            }
          },
          "block_order": [
            "1492033877875-0"
          ],
          "settings": {}
        },
        "1492033924902": {
          "type": "custom-content",
          "blocks": {
            "1492033924902-0": {
              "type": "text",
              "settings": {
                "width": "100%",
                "alignment": "center",
                "align_text": "center"
              }
            }
          },
          "block_order": [
            "1492033924902-0"
          ],
          "settings": {
            "title": ""
          }
        },
        "1492096252560": {
          "type": "collection-list",
          "blocks": {
            "1492096252560-0": {
              "type": "featured_collection",
              "settings": {}
            },
            "1492096252560-1": {
              "type": "featured_collection",
              "settings": {}
            },
            "1492096252560-2": {
              "type": "featured_collection",
              "settings": {}
            }
          },
          "block_order": [
            "1492096252560-0",
            "1492096252560-1",
            "1492096252560-2"
          ],
          "settings": {
            "grid": 3
          }
        },
        "blog-template": {
          "type": "blog-template",
          "settings": {
            "layout": "grid",
            "blog_show_author": true,
            "blog_show_date": false
          }
        },
        "article-template": {
          "type": "article-template",
          "settings": {
            "blog_show_author": true,
            "blog_show_date": true,
            "show_share_buttons": true
          }
        },
        "cart-template": {
          "type": "cart-template",
          "settings": {
            "cart_notes_enable": false
          }
        },
        "footer": {
          "type": "footer",
          "blocks": {
            "link_list": {
              "type": "link_list",
              "settings": {}
            },
            "text": {
              "type": "text",
              "settings": {}
            },
            "newsletter": {
              "type": "newsletter",
              "settings": {}
            }
          },
          "block_order": [
            "link_list",
            "text",
            "newsletter"
          ],
          "settings": {
            "color_footer_bg": "#f8f8f8",
            "color_footer_text": "#6d6d6d"
          }
        }
      },
      "content_for_index": [
        "hero",
        "featured-collections",
        "slideshow",
        "1492033924902",
        "1492096252560",
        "1492033877875",
        "1492033809691"
      ]
    }
  }
}